{"playerName":"cat","x":5.795003414154053,"y":-2.2950000762939455}