{"playerName":"","x":-7.69502163,"y":-2.28497887}