{"playerName":"cat","x":-6.395012378692627,"y":2.38383150100708}