{"playerName":"","x":-7.69500065,"y":-2.28497887}