{"playerName":"","x":9.52611,"y":-2.07699871}