{"playerName":"","x":-3.9009876251220705,"y":1.10499906539917}