{"playerName":"cat","x":3.228480100631714,"y":2.7951087951660158}