{"playerName":"","x":1.9832037687301636,"y":0.2950000464916229}