{"playerName":"cat","x":5.843028545379639,"y":0.18172520399093629}